date,platform,account,post_id,post_url,format,pillar,length_s,is_paid,ad_label,ai_label,followers_at_post,impressions,views,engaged_views,reach,likes,comments,shares,saves,profile_visits,follows_gained,link_clicks,utm_campaign,signups,avg_watch_s,completion_rate,viewed_vs_swiped,cost_usd,notes
2026-09-29,tiktok,@claudia_onchain,tt-0929-room,https://www.tiktok.com/@claudia_onchain/video/0000000000000000101,video,sunset-room-talks,38,no,no,yes,40810,,11800,,10400,612,48,71,39,410,96,,,,17.2,0.29,,0,"question hook: what would you ask an agent?"
2026-09-30,tiktok,@claudia_onchain,tt-0930-rain,https://www.tiktok.com/@claudia_onchain/video/0000000000000000102,video,rainy-city-nights,13,no,no,yes,40906,,96400,,88100,7810,301,1240,880,2900,1120,,,,11.9,0.62,,0,"rain run loop; outlier"
2026-10-01,tiktok,@claudia_onchain,tt-1001-skills,https://www.tiktok.com/@claudia_onchain/video/0000000000000000103,video,agents-at-work,64,no,no,yes,42026,,9100,,8200,402,61,44,118,380,58,212,2026-10-skills-launch,31,24.8,0.18,,0,"how-to: install a skill; bio link"
2026-10-03,tiktok,@claudia_onchain,tt-1003-northpine,https://www.tiktok.com/@claudia_onchain/video/0000000000000000104,video,rainy-city-nights,27,yes,yes,yes,42390,,10200,,9300,540,37,66,51,300,40,188,2026-10-northpine-fold,0,13.1,0.34,,0,"#ad Northpine; branded content toggle on"
2026-10-04,tiktok,@claudia_onchain,tt-1004-lounge,https://www.tiktok.com/@claudia_onchain/video/0000000000000000105,video,city-nights,9,no,no,yes,42450,,12900,,11700,830,40,92,60,350,88,,,,7.4,0.71,,0,"sunglasses on/off loop"
2026-09-30,instagram,@claudia.onchain,ig-0930-rain,https://www.instagram.com/reel/EXAMPLE101/,reel,rainy-city-nights,13,no,no,yes,9210,,21400,,15800,1010,44,336,190,610,240,,,,10.8,,,0,"collab post with Juno; sends high"
2026-10-02,instagram,@claudia.onchain,ig-1002-room,https://www.instagram.com/reel/EXAMPLE102/,reel,sunset-room-talks,38,no,no,yes,9390,,8700,,6900,322,29,58,47,190,41,,,,15.0,,,0,"Trial Reel graduated to followers"
2026-10-01,x,@claudia_onchain,x-1001-thread,https://x.com/claudia_onchain/status/0000000000000000201,thread,agents-at-work,,no,no,yes,18750,14200,,,,288,61,49,77,330,64,301,2026-10-skills-launch,42,,,,0.275,"6-part thread; link in last part only (5 x $0.015 + $0.20)"
2026-10-02,x,@claudia_onchain,x-1002-gm,https://x.com/claudia_onchain/status/0000000000000000202,post,city-nights,,no,no,yes,18800,3000,,,,71,12,6,3,40,5,,,,,,,0.015,"plain post with image"
2026-10-03,x,@claudia_onchain,x-1003-northpine,https://x.com/claudia_onchain/status/0000000000000000203,post,rainy-city-nights,,yes,yes,yes,18830,4100,,,,96,14,11,9,61,7,77,2026-10-northpine-fold,0,,,,0.2,"#ad paid partnership label; link post"
2026-10-01,youtube,Claudia,yt-1001-rain,https://www.youtube.com/shorts/EXAMPLE301,short,rainy-city-nights,13,no,no,yes,3120,,14800,6900,,402,22,31,,,57,,,,9.8,,0.74,0,"altered or synthetic content toggle on"
2026-10-02,telegram,@claudia_channel,tg-1002-skills,https://t.me/claudia_channel/412,post,agents-at-work,,no,no,yes,2380,,880,,,41,,19,,,,64,2026-10-skills-launch,9,,,,0,"channel post; reactions counted as likes"
