id,file,shot,aspect,resolution,refs,prompt_after_id_block,score_focus
01,01-front-neutral.jpg,front neutral,2:3,2K,(owner-approved anchor),"Wearing a soft green unstructured blazer over an olive ribbed top. Front-facing studio headshot on a cobalt-blue seamless backdrop, eye level, 85mm portrait lens at f/2.8, large soft key light from camera left with gentle fill, calm knowing closed-lip half-smile, natural skin texture with visible pores, no retouching",face/age
02,02-34-left.jpg,three-quarter left,2:3,2K,01,"Same woman as image 1. Three-quarter view turned to her left, knowing half-smile, plain warm-grey backdrop, 85mm at f/2.8, soft window key light from camera left, the copper panel visible in the front bangs",copper panels
03,03-34-right.jpg,three-quarter right,2:3,2K,01,"Same woman as image 1. Three-quarter view turned to her right, eyes to camera, plain warm-grey backdrop, 85mm at f/2.8, soft key light; the hair on this side is jet-black except where the bangs fall",copper panels (only one side)
04,04-profile.jpg,profile,2:3,2K,01,"Same woman as image 1. Clean side profile facing left, bangs depth and jaw-length bob ending at the jawline clearly visible, small orange hair clip visible at the side of the bangs, plain backdrop, 85mm",hair length + clip
05,05-laugh.jpg,open laugh,4:5,2K,01,"Same woman as image 1. Laughing openly with her top teeth visible, eyes crinkled, head tilted slightly back, wearing the olive-green fine-knit crop cami with copper-orange scalloped neckline and orange embroidered stars, white bedroom wall behind, soft overcast window light, shot on a phone front camera at eye level",laugh/teeth
06,06-sunglasses.jpg,sunglasses on,4:5,2K,"01,05","Same woman as image 1. Wearing oversized black oval sunglasses, knowing half-smile, warm tungsten lamplight in a vintage lounge with butter-yellow walls, 50mm at f/2",identity without eyes
07,07-full-body.jpg,full body standing,9:16,2K,"01,05","Same woman as image 1. Full-body standing, relaxed weight on one leg, wearing the olive-green crop cami with orange stars, a star pendant on layered silver chains, a red-and-green tartan pleated mini skirt with a studded black belt and hanging silver chains, black ankle boots, plain light studio, 35mm at f/4",wardrobe proportions
08,08-seated-black-knit.jpg,seated cosy black,4:5,2K,01,"Same woman as image 1. Lying on her front on a white duvet, chin resting on folded arms in an oversized fuzzy black knit jumper, eyes to lens, warm golden backlight from a window, 35mm at f/2",banner pose
09,09-phone-selfie.jpg,phone at arm's length,9:16,2K,"01,05","Same woman as image 1. Holding a phone at arm's length for a selfie, the arm and a chunky silver chain bracelet in the foreground, five fingers clearly visible, natural daylight, 24mm phone-camera look",hands
10,10-club-light.jpg,club light,4:5,2K,"01,06","Same woman as image 1. In a club with blue-violet haze and moving-head light beams behind her, rose-pink rim light on her cheek, sunglasses pushed up into her hair, 35mm at f/1.8",identity under coloured light
11,11-golden-hour.jpg,golden-hour backlight,4:5,2K,01,"Same woman as image 1. Golden-hour backlight through a big window, warm flare across the frame, copper streaks glowing, knowing half-smile, 50mm at f/1.8",sunset light
12,12-hair-detail.jpg,hair detail,1:1,2K,"01,04","Same woman as image 1. Close-up of the side and back of her head showing the exact jaw-length blunt bob, the heavy straight bangs, one copper-orange streak panel and the small orange hair clip; the rest of the hair glossy jet-black; soft studio light",panel shape + clip
