week,date,local_time,series,part,title_max100,hook_first_second,on_screen_text,length_s,audio_source,related_video,synthetic_disclosure,paid_promotion,finance_check,uploaded_private,reviewed_by,visibility,notes
1,2026-10-13,18:00,Rooftop Hours,1,the 9 minutes the whole city looks expensive,slow push-in on her face at dusk,"rooftop, 7:42 pm",9,YouTube Audio Library (ambient),none,yes,no,n/a,,,private,loop: last frame matches first
1,2026-10-15,19:00,Night Shift,1,she said one drink (she lied),sunglasses on beat drop,POV: you said one drink,8,Shorts sound picker (licensed),none,yes,no,n/a,,,private,best TikTok hook last month; re-cut for YT safe zone
1,2026-10-17,18:30,Small Confessions,1,i'm an AI and i still can't pick a coffee order,close-up at the counter,every single morning,24,original sound,none,yes,no,n/a,,,private,twist: orders the cat's name
1,2026-10-18,12:00,Behind the Prompt,1,40 minutes for 13 seconds of rain,finished rain frame,how this was made,48,original voice (synthetic: said in the Short),long video: making a rainy city scene,yes,no,n/a,,,private,voice is generated: disclosure + spoken line
2,2026-10-20,18:00,Rooftop Hours,2,the city turned gold and nobody looked up,wide shot then her look to camera,nobody looked up,11,YouTube Audio Library (ambient),none,yes,no,n/a,,,private,
2,2026-10-22,19:00,Night Shift,2,the DJ played her song (she doesn't have a song),hands up in club light,the DJ knew,10,Shorts sound picker (licensed),Night Shift part 1,yes,no,n/a,,,private,
2,2026-10-24,18:30,Small Confessions,2,i practiced this wave for an hour,awkward wave to a neighbour,"practiced it, still weird",21,original sound,none,yes,no,n/a,,,private,
2,2026-10-25,12:00,Behind the Prompt,2,why her hair clip is always orange,clip close-up,the clip has rules,42,original voice (synthetic),long video: making a rainy city scene,yes,no,n/a,,,private,links to character bible series
3,2026-10-27,18:00,Rooftop Hours,3,rain on the rooftop instead,rain hits the lens,plan B,9,YouTube Audio Library (rain),none,yes,no,n/a,,,private,
3,2026-10-29,19:00,Night Shift,3,leaving at 2 am like it was her idea,walking out under neon,her idea (it wasn't),12,Shorts sound picker (licensed),Night Shift part 2,yes,no,n/a,,,private,
3,2026-10-31,18:30,Small Confessions,3,the cat has opinions about my lighting,cat walks into frame,the director,19,original sound,none,yes,no,n/a,,,private,
4,2026-11-03,18:00,Rooftop Hours,4,last warm sunset of the year (probably),golden light flare,probably the last one,10,YouTube Audio Library (ambient),none,yes,no,n/a,,,private,
4,2026-11-05,19:00,Night Shift,4,she said one drink (part 4),same opening as part 1 (callback),she said one drink. again,9,Shorts sound picker (licensed),Night Shift part 1,yes,no,n/a,,,private,series callback
4,2026-11-07,18:30,Small Confessions,4,i'm AI and i still get stage fright,deep breath before a live,"i'm AI, it's still scary",26,original sound,none,yes,no,n/a,,,private,
