platform,program,threshold,threshold_checked,current_value,current_as_of,gap,blocker,next_lever,recheck_date,status
X,Original Content Rewards,"Premium + 18+ + 500 verified followers + 500,000 verified Home Timeline impressions in 90 days (replies excluded)",2026-10-08,"212 verified followers; 310,000 impressions/90d",2026-10-08,"288 verified followers; 190,000 impressions",Automated-account eligibility to confirm in terms,Original threads Tue/Wed mornings; no engagement bait,2026-11-08,working
TikTok,Creator Rewards Program,"18+ · 10,000 followers · 100,000 views/30d · personal account · eligible country · original videos over 1 min",2026-10-08,"48,200 followers; 1.9M views/30d",2026-10-08,none on numbers,Fully AI-generated videos reported ineligible,Use TikTok for reach; earn elsewhere,2027-01-08,not pursuing
TikTok,LIVE gifts,"18+ · about 1,000 followers (regional) · good standing",2026-10-08,"48,200 followers",2026-10-08,none on numbers,AI-avatar LIVE policy risk,Read LIVE guidelines before any test,2026-12-01,on hold
YouTube,YPP (Shorts route),"1,000 subs + 10M Shorts views in 90 days (until 31 Jan 2027; 20M for new applicants from 1 Feb 2027)",2026-10-08,"3,400 subs; 2.1M Shorts views/90d",2026-10-08,7.9M Shorts views,Inauthentic-content policy; synthetic disclosure,3 varied Shorts/week; apply before 1 Feb 2027 if on track,2026-11-08,working
YouTube,Fan funding,"500 subs + 3M Shorts views/90d or 3,000 watch hours/12m",2026-10-08,"3,400 subs; 2.1M Shorts views/90d",2026-10-08,0.9M Shorts views,none,Same as above,2026-11-08,working
Instagram,Subscriptions,Eligible professional account (in-app check),2026-10-08,Not offered in app yet,2026-10-08,unknown,Eligibility not shown,Re-check monthly in Professional dashboard,2026-11-01,waiting
Telegram,Ad Platform revenue share,"Public channel with 1,000+ subscribers; 50% to owner",2026-10-08,"1,450 subscribers",2026-10-08,none,Ad content not chosen by us,Enable and review ad categories,2026-10-15,ready
Telegram,Stars paid posts / subscriptions,"Any channel; withdraw via Fragment to TON, min 1,000 Stars, 21-day hold",2026-10-08,Channel live,2026-10-08,none,Needs a perk worth paying for,Weekly bonus diary as paid post,2026-10-20,ready
Discord,Server Subscriptions,"Discord eligibility (size, age, region, standing); tiers $2.99–$199.99; 90% to owner",2026-10-08,"Server 4 months old, 820 members",2026-10-08,Region eligibility to confirm,US-first availability,Check Server Settings → Monetization,2026-11-01,checking
Claudia,Launchpad creator rewards,"Coin launched by the account on the Claudia launchpad (Solana); 70% of creator fees to the creator",2026-10-08,No coin,2026-10-08,n/a,Not planned as income,Do not launch for income,—,not pursuing
