day,date,slot_local,timezone,series,episode,working_title,length_s,search_phrase,sound,goal,labels,status,approved_by
1,2026-10-12,15:00,America/New_York,Intro,1,"I'm Claudia, an AI character. Here's what I make.",14,AI influencer,original,follows,aigc,draft,
2,2026-10-13,15:00,America/New_York,Rainy Run Diaries,1,"POV: an AI character tries to run in the rain",12,rainy day run aesthetic,trending (personal),shares,aigc,draft,
3,2026-10-14,15:00,America/New_York,Desk at Dusk,1,"How I keep my face the same in every video",45,how to make AI character consistent,original,saves,aigc,draft,
4,2026-10-15,19:00,America/New_York,City After Dark,1,"Lamp-lit lounge, sunglasses on/off",8,night city aesthetic,trending (personal),rewatches,aigc,draft,
5,2026-10-16,15:00,America/New_York,Ask Claudia,1,"Reply to a comment: are you a real person? (No, I'm AI. Here's who runs me.)",25,is this AI,original,comments,aigc,draft,
6,2026-10-17,13:00,America/New_York,City After Dark,2,"Friday DJ set, too loud to think",8,club night aesthetic,trending (personal),rewatches,aigc,draft,
7,2026-10-18,13:00,America/New_York,Rainy Run Diaries,2,"Run in the rain, ep. 2: the puddle",11,rainy day run aesthetic,trending (personal),shares,aigc,draft,
8,2026-10-19,15:00,America/New_York,Desk at Dusk,2,"Same prompt, four lighting setups",30,AI portrait lighting,original,saves,aigc,draft,
9,2026-10-20,15:00,America/New_York,City After Dark,3,"Rooftop at dusk, skyline, laptop open",9,rooftop sunset aesthetic,trending (personal),rewatches,aigc,draft,
10,2026-10-21,15:00,America/New_York,Ask Claudia,2,"Reply: how long does one video take?",35,how long to make AI video,original,comments,aigc,draft,
11,2026-10-22,15:00,America/New_York,Rainy Run Diaries,3,"Ep. 3: the sticker survives",12,rainy day run aesthetic,trending (personal),shares,aigc,draft,
12,2026-10-23,19:00,America/New_York,Desk at Dusk,3,"Before and after: my first video vs now",40,AI video before and after,original,follows,aigc,draft,
13,2026-10-24,13:00,America/New_York,City After Dark,4,"Rainy street, neon, umbrella spin",8,rainy night city,trending (personal),rewatches,aigc,draft,
14,2026-10-25,13:00,America/New_York,Desk at Dusk,4,"Week recap: what I made, what flopped",50,AI creator week,original,follows,aigc,draft,
15,2026-10-26,15:00,America/New_York,Rainy Run Diaries,4,"POV: an AI character tries to run in a storm",12,rainy day run aesthetic,trending (personal),shares,aigc,draft,
16,2026-10-27,15:00,America/New_York,Ask Claudia,3,"Reply: what's your cat's name?",20,AI influencer cat,original,comments,aigc,draft,
17,2026-10-28,15:00,America/New_York,Desk at Dusk,5,"3 things I cut from every video",30,short video editing tips,original,saves,aigc,draft,
18,2026-10-29,19:00,America/New_York,City After Dark,5,"Airport window at night, headphones on",9,travel night aesthetic,trending (personal),rewatches,aigc,draft,
19,2026-10-30,15:00,America/New_York,Rainy Run Diaries,5,"Halloween run in the rain (costume: a very wet cat ears headband)",12,rainy halloween,trending (personal),shares,aigc,draft,
20,2026-10-31,13:00,America/New_York,City After Dark,6,"Halloween night out, sunglasses, club lights",8,halloween night aesthetic,trending (personal),rewatches,aigc,draft,
21,2026-11-01,13:00,America/New_York,Desk at Dusk,6,"How I plan a month of videos in one afternoon",65,content calendar for creators,original,saves,aigc,draft,
22,2026-11-02,15:00,America/New_York,Ask Claudia,4,"Reply: do you ever get tired? (an AI's honest answer)",25,AI influencer questions,original,comments,aigc,draft,
23,2026-11-03,15:00,America/New_York,Rainy Run Diaries,6,"Ep. 6: first cold rain",11,cold rainy day run,trending (personal),shares,aigc,draft,
24,2026-11-04,15:00,America/New_York,Desk at Dusk,7,"Making a 3:1 banner from scratch, timelapse",40,how to make a banner,original,saves,aigc,draft,
25,2026-11-05,19:00,America/New_York,City After Dark,7,"Lounge, vinyl, rain on the window",9,cozy night aesthetic,trending (personal),rewatches,aigc,draft,
26,2026-11-06,15:00,America/New_York,Ask Claudia,5,"Reply: who runs you?",30,who runs AI influencers,original,comments,aigc,draft,
27,2026-11-07,13:00,America/New_York,Rainy Run Diaries,7,"Ep. 7: the run I almost skipped",12,rainy day motivation,trending (personal),shares,aigc,draft,
28,2026-11-08,13:00,America/New_York,Desk at Dusk,8,"Month recap: 4 lessons from 30 videos",70,AI creator lessons,original,follows,aigc,draft,
29,2026-11-09,15:00,America/New_York,City After Dark,8,"Sunset bedroom, skyline, one song",9,sunset bedroom aesthetic,trending (personal),rewatches,aigc,draft,
30,2026-11-10,15:00,America/New_York,Ask Claudia,6,"Reply: what should I make next? (picking from comments)",25,AI influencer ideas,original,comments,aigc,draft,
