date,day,week,pillar,series,ep,networks,format,look,setting,hook,caption_draft,model_plan,type,ad,ai_label,status
2026-10-12,Mon,1,P1,talk-to-me,1,tiktok|reels,9:16 talking 18s,signature,her-room-day,ok so the cat filed a complaint,ok so I tried to film this four times and the cat walked in all four times,still nano-banana-2.1 2K > i2v omni-flash 10s + lipsync-2 on VO,lifestyle,no,yes,scripted
2026-10-12,Mon,1,P5,agent-diaries,1,x,clip 20s + text,cosy-black,desk-night,my agents posted 14 times today,my agents posted 14 times today and I took one nap. delegation is self-care,still nano-banana-2.1 > i2v kling-2.6-pro 5s + screen insert,value,no,yes,scripted
2026-10-13,Tue,1,P4,forecast-dared-me,1,tiktok|reels|shorts,9:16 selfie run 12s,signature,warehouse-rain,40% chance of rain they said,rain check? never heard of her,still nano-banana-2.1 9:16 > i2v kling-3-pro 10s,lifestyle,no,yes,scripted
2026-10-13,Tue,1,P5,skill-of-the-week,1,shorts|x,9:16 how-to 40s,cosy-black,desk-night,a banner in four prompts,new skill on the shelf: banners in four prompts. link in the thread,screen capture + face still + VO elevenlabs/v3,value,no,yes,scripted
2026-10-14,Wed,1,P7,the-cto,1,tiktok|reels,9:16 loop 6s,home,desk-night,the CTO is reviewing my PR,shipped: a smarter queue. the cat approved the PR by sleeping on it,still nano-banana-2.1 > i2v hailuo-2.3 6s,lifestyle,no,yes,scripted
2026-10-14,Wed,1,P3,sunglasses-on-off,1,reels|tiktok,9:16 reveal loop 8s,night-out,vintage-lounge,(no words: glasses down at 0.5s),sunglasses on = do not perceive me. sunglasses off = ok fine; hi,still gpt-image-2.5-flare > i2v kling-2.6-pro 5s,lifestyle,no,yes,scripted
2026-10-15,Thu,1,P1,talk-to-me,2,tiktok|reels|shorts,9:16 talking 20s,signature,her-room-day,storytime: the 3am post,storytime: my agent scheduled a post for 3am and it did numbers. not sharing the credit,still > omni-flash 10s ×2 + VO + lipsync-2,lifestyle,no,yes,scripted
2026-10-15,Thu,1,P5,agent-diaries,2,x|telegram,thread 4 posts + 1 image,cosy-black,desk-night,the agent that wouldn't reply,if your agent can't explain its reply it doesn't get to post it. house rules,still flux-2-pro 4:5,value,no,yes,scripted
2026-10-16,Fri,1,P2,after-midnight,1,tiktok|reels,9:16 dance loop 8s,signature,club-dj-booth,(no words: arm up on the beat),this set > my entire to-do list,still nano-banana-2.1 > i2v kling-2.6-pro 10s motion,lifestyle,no,yes,scripted
2026-10-16,Fri,1,P6,window-seat,1,reels,carousel 6 tiles 4:5,travel,travel,(place name only),airplane window. no thoughts. just clouds,6 stills nano-banana-2.1 4:5 2K,lifestyle,no,yes,scripted
2026-10-17,Sat,1,P4,one-off,,tiktok|x,9:16 ambient 8s,night-out,rooftop-dusk,the city did the lighting,the city did the lighting. I just showed up,still nano-banana-2.1 > i2v omni-flash 8s,lifestyle,no,yes,scripted
2026-10-17,Sat,1,P7,the-cto,2,x,image 4:5,home,her-room-day,weekend standup,weekend standup. attendance: one cat. agenda: none,still nano-banana-2.1 4:5,lifestyle,no,yes,scripted
2026-10-18,Sun,1,P1,one-off,,x,text,n/a,n/a,sunday reset,day 12 of pretending I have a morning routine,none,lifestyle,no,yes,scripted
2026-10-18,Sun,1,P5,skill-of-the-week,1-ask,x|telegram,text + banner link,n/a,n/a,make a character that isn't me,new skill on the shelf: how to make your own character that isn't me. go build,reuse banner-network,ask,no,yes,scripted
2026-10-19,Mon,2,P1,talk-to-me,3,tiktok|reels,9:16 talking 16s,cosy-black,sunset-bedroom-nyc,unpopular opinion about sunsets,sunsets are just the sky doing a soft launch,still nano-banana-2.1 > omni-flash 10s + VO,lifestyle,no,yes,idea
2026-10-19,Mon,2,P5,agent-diaries,3,x,clip 20s,cosy-black,desk-night,an agent asked me for a raise,an agent asked for a bigger spend cap. denied. lovingly,still > kling-2.6-pro 5s + screen insert,value,no,yes,idea
2026-10-20,Tue,2,P3,sunglasses-on-off,2,reels|tiktok,9:16 reveal 8s,signature,vintage-lounge,(no words),grandma's lamp. my sunglasses. our secret,still gpt-image-2.5-flare > kling-2.6-pro 5s,lifestyle,no,yes,idea
2026-10-20,Tue,2,P5,skill-of-the-week,2,shorts|x,9:16 how-to 40s,cosy-black,desk-night,captions people actually read,three caption rules that doubled my watch time (my watch time. yours may vary),screen + face still + VO,value,no,yes,idea
2026-10-21,Wed,2,P4,forecast-dared-me,2,tiktok|reels|shorts,9:16 selfie walk 12s,signature,warehouse-rain,wind advisory. respectfully no,warehouse lot. 6pm. zero umbrellas. full serotonin,still > kling-3-pro 10s,lifestyle,no,yes,idea
2026-10-21,Wed,2,P7,the-cto,3,tiktok|reels,9:16 loop 6s,home,desk-night,the CTO found the off switch,the CTO found the kill switch. we are all safer now,still > hailuo-2.3 6s,lifestyle,no,yes,idea
2026-10-22,Thu,2,P1,talk-to-me,4,tiktok|reels|shorts,9:16 talking 22s,signature,her-room-day,things I'm bad at: a list,things I'm bad at: mornings; plants; leaving the cat a voicemail,still > omni-flash 10s ×2 + VO + lipsync-2,lifestyle,no,yes,idea
2026-10-22,Thu,2,P5,agent-diaries,4,x|telegram,thread 3 posts,n/a,n/a,what we shipped this week,shipped this week: smarter queue; better previews; one fewer bug (the cat found it),none,value,no,yes,idea
2026-10-23,Fri,2,P2,after-midnight,2,tiktok|reels,9:16 dance 8s,night-out,club-dj-booth,(no words: lights hit at 0.3s),sunglasses indoors. as the DJ intended,still > kling-2.6-pro 10s motion,lifestyle,no,yes,idea
2026-10-23,Fri,2,P6,one-off,,x,image 16:9,travel,balcony-night,one glass of something,balcony. city lights. one glass of something. the algorithm can wait,still nano-banana-2.1 16:9 2K,lifestyle,no,yes,idea
2026-10-24,Sat,2,P2,one-off,,x,text + clip reuse,n/a,n/a,rate the transition,rate the transition 1-10. be honest. I can take it (I can't),reuse after-midnight ep2,lifestyle,no,yes,idea
2026-10-24,Sat,2,P4,one-off,,reels,carousel 4 tiles,night-out,rooftop-dusk,rooftop at 6:42pm,the city did the lighting again. show-off,4 stills nano-banana-2.1 4:5,lifestyle,no,yes,idea
2026-10-25,Sun,2,P7,the-cto,4,x,image 4:5,home,her-room-day,sunday: CTO on leave,the CTO is on leave. I am the CTO now. nothing has changed,still nano-banana-2.1 4:5,lifestyle,no,yes,idea
2026-10-25,Sun,2,P5,one-off,,telegram,poll,n/a,n/a,what should I make next,rain or sunset for next week's banner? vote,none,value,no,yes,idea
2026-10-26,Mon,3,P1,talk-to-me,5,tiktok|reels,9:16 talking 18s,cosy-black,her-room-day,halloween costume dilemma,costume options: me but in sunglasses; me but in different sunglasses,still > omni-flash 10s + VO,lifestyle,no,yes,idea
2026-10-26,Mon,3,P5,agent-diaries,5,x,clip 20s,cosy-black,desk-night,my agent's spooky season prep,my agent wanted to post a jump scare at 3am. kill switch says no,still > kling-2.6-pro 5s,value,no,yes,idea
2026-10-27,Tue,3,P5,skill-of-the-week,3,shorts|x,9:16 how-to 40s,cosy-black,desk-night,label your AI posts in 30 seconds,labelling AI posts takes 30 seconds. here's the whole thing,screen + face still + VO,value,no,yes,idea
2026-10-27,Tue,3,P3,one-off,,reels,carousel 5 tiles,signature,vintage-lounge,thrift haul (tartan edition),the outfit is thrifted. the confidence is generated,5 stills gpt-image-2.5-flare 4:5,lifestyle,no,yes,idea
2026-10-28,Wed,3,P4,forecast-dared-me,3,tiktok|reels|shorts,9:16 selfie run 12s,signature,warehouse-rain,it's raining. obviously I'm running,running in the rain because the forecast dared me,still > kling-3-pro 10s,lifestyle,no,yes,idea
2026-10-28,Wed,3,P7,the-cto,5,tiktok|reels,9:16 loop 6s,home,her-room-day,CTO in a tiny witch hat,the CTO has been briefed on halloween. the CTO declines,still > hailuo-2.3 6s,lifestyle,no,yes,idea
2026-10-29,Thu,3,P1,talk-to-me,6,tiktok|reels|shorts,9:16 talking 20s,signature,her-room-day,the comment that made my week,someone said I'm their favourite AI. statistically you're mine too,still > omni-flash 10s ×2 + VO + lipsync-2,lifestyle,no,yes,idea
2026-10-29,Thu,3,P5,agent-diaries,6,x|telegram,thread 3 posts,n/a,n/a,what we shipped this week,shipped: approvals on your phone. the cat still can't approve anything,none,value,no,yes,idea
2026-10-30,Fri,3,P2,after-midnight,3,tiktok|reels,9:16 dance 8s,night-out,club-dj-booth,halloween set (costume: sunglasses),halloween set. costume: the same sunglasses. commitment,still > kling-2.6-pro 10s motion,lifestyle,no,yes,idea
2026-10-30,Fri,3,P6,window-seat,2,reels,carousel 6 tiles 4:5,travel,travel,Santorini at 7pm,Santorini is just a very bright screensaver you can stand in,6 stills nano-banana-2.1 4:5 2K,lifestyle,no,yes,idea
2026-10-31,Sat,3,P3,sunglasses-on-off,3,tiktok|reels|shorts,9:16 reveal 8s,night-out,vintage-lounge,(no words: costume reveal = same sunglasses),happy halloween. I came as myself. it's a strong costume,still gpt-image-2.5-flare > kling-2.6-pro 5s,lifestyle,no,yes,idea
2026-10-31,Sat,3,P7,one-off,,x,image 4:5,home,her-room-day,CTO costume reveal,the CTO went as a cat. method acting,still nano-banana-2.1 4:5,lifestyle,no,yes,idea
2026-11-01,Sun,3,P1,one-off,,x,text,n/a,n/a,november already,november already? I was still emotionally in august,none,lifestyle,no,yes,idea
2026-11-01,Sun,3,P5,one-off,,x|telegram,text + link,n/a,n/a,try the media skills,the create skills are up: prompts; banners; captions; labels. go make something that isn't me,reuse banner-network,ask,no,yes,idea
2026-11-02,Mon,4,P1,talk-to-me,7,tiktok|reels,9:16 talking 18s,cosy-black,sunset-bedroom-nyc,I tried a morning routine (again),day 1 of a morning routine. day 1 is also the last day,still > omni-flash 10s + VO,lifestyle,no,yes,idea
2026-11-02,Mon,4,P5,agent-diaries,7,x,clip 20s,cosy-black,desk-night,the dashboard that told me no,my spend cap said no at 2am. best employee I have,still > kling-2.6-pro 5s + screen insert,value,no,yes,idea
2026-11-03,Tue,4,P5,skill-of-the-week,4,shorts|x,9:16 how-to 40s,cosy-black,desk-night,keep your character the same person,how I stay the same person in 500 posts: one block of text and 12 photos,screen + face still + VO,value,no,yes,idea
2026-11-03,Tue,4,P4,one-off,,tiktok|reels,9:16 ambient 8s,night-out,rooftop-dusk,first cold evening,first cold evening. the city switched to cosy mode,still > omni-flash 8s,lifestyle,no,yes,idea
2026-11-04,Wed,4,P3,sunglasses-on-off,4,reels|tiktok,9:16 reveal 8s,signature,vintage-lounge,(no words),sunglasses off. ok fine. hi,still gpt-image-2.5-flare > kling-2.6-pro 5s,lifestyle,no,yes,idea
2026-11-04,Wed,4,P7,the-cto,6,tiktok|reels,9:16 loop 6s,home,desk-night,the CTO pushed to main,the CTO walked across the keyboard and shipped a typo,still > hailuo-2.3 6s,lifestyle,no,yes,idea
2026-11-05,Thu,4,P1,talk-to-me,8,tiktok|reels|shorts,9:16 talking 22s,signature,her-room-day,month 1 of this account: what I learned,what I learned this month: name your series. label your posts. feed the cat,still > omni-flash 10s ×2 + VO + lipsync-2,lifestyle,no,yes,idea
2026-11-05,Thu,4,P5,agent-diaries,8,x|telegram,thread 4 posts,n/a,n/a,what we shipped this month,shipped this month: four things that work and one thing the cat broke,none,value,no,yes,idea
2026-11-06,Fri,4,P2,after-midnight,4,tiktok|reels,9:16 dance 8s,signature,club-dj-booth,(no words: crowd hands up),the drop was so good I forgot I can't technically hear it,still > kling-2.6-pro 10s motion,lifestyle,no,yes,idea
2026-11-06,Fri,4,P4,forecast-dared-me,4,tiktok|shorts,9:16 selfie 10s,signature,warehouse-rain,november rain. the song and the weather,november rain. not the song. the actual weather,still > kling-3-pro 10s,lifestyle,no,yes,idea
2026-11-07,Sat,4,P6,one-off,,reels|x,collage 3:1 + carousel,travel,travel,month in pictures,a month in pictures. most of them are the cat,collage via banner-and-collage-design,lifestyle,no,yes,idea
2026-11-07,Sat,4,P2,one-off,,x,text,n/a,n/a,saturday plans,saturday plans: dance; nap; repeat,none,lifestyle,no,yes,idea
2026-11-08,Sun,4,P7,the-cto,7,x,image 4:5,home,her-room-day,CTO monthly review,CTO monthly review: exceeds expectations at sleeping,still nano-banana-2.1 4:5,lifestyle,no,yes,idea
2026-11-08,Sun,4,P5,one-off,,telegram|discord,text + poll,n/a,n/a,what should next month's series be,new series for november? pick one: desk tours / rooftop talks / cat interviews,none,value,no,yes,idea
