group,check,level,value,why
"Contract","Mint authority renounced","","","Unrenounced mint lets the creator print supply."
"Contract","Freeze authority renounced","","","Freeze authority can lock holders' tokens."
"Contract","Not a honeypot","","","A honeypot can be bought but not sold."
"Contract","Buy / sell tax","","","Any tax above 0 on a pump.fun coin is unusual."
"Liquidity","LP locked or burned (migrated coins)","","","Unlocked LP can be pulled."
"Liquidity","Liquidity vs market cap","","","Thin liquidity means large price impact and easy exits for insiders."
"Holders","Top-10 share of supply","","","Concentrated supply can be dumped at once."
"Holders","Largest non-pool wallet","","","One wallet above 10% can move the price alone."
"Holders","Dev holding","","","A dev still holding a lot can sell into buyers."
"Wallet mix","Bundlers","","","Bundled launch buys often belong to one operator."
"Wallet mix","Snipers","","","Snipers bought in the first seconds and tend to sell early."
"Wallet mix","Insiders","","","Suspected insiders."
"Wallet mix","Fresh wallets","","","Many brand-new wallets can mean one person split into many."
"Wallet mix","Bots","","","Bot-heavy flow inflates volume and holder counts."
"Dev","Dev rug ratio (GMGN)","","","Share of the creator's past coins flagged as rugs."
"Dev","Dev total score","","",""
"Age","Coin age","","","Very young coins have no track record."
"Scores","Safety score","","",""
"Scores","Holder score","","",""
"Scores","Chart score","","",""
