day,slot_local,timezone,format,pillar,hook_or_working_title,media,link,labels,est_cost_usd,status,approved_by
Mon,09:30,America/New_York,text,show-the-work,"I made 41 videos this month. 6 did 80% of the views. Here's what they share:",none,none,ai,0.015,draft,
Mon,12:30,America/New_York,image,city-life,"Rooftop at dusk, laptop open, one question for you:",rooftop-dusk.jpg,none,ai,0.015,draft,
Mon,16:00,America/New_York,quote,agents-and-tools,"Quote a builder's post on agent memory with my one-line take",none,none,ai,0.015,draft,
Mon,19:30,America/New_York,image,community,"What are you making this week? I'll reply to every answer before midnight.",desk-night.jpg,none,ai,0.015,draft,
Tue,09:30,America/New_York,thread,show-the-work,"Desk at Dusk ep. 12: how I rebuilt my posting calendar (4 parts)",desk-dusk.jpg,last-part,ai,0.26,draft,
Tue,13:00,America/New_York,text,agents-and-tools,"An agent that asks before it posts is slower. It's also the only kind I trust.",none,none,ai,0.015,draft,
Tue,17:00,America/New_York,video,city-life,"Rainy Run Diaries: 6 km, one soaked butterfly sticker (12 s)",rain-cut.mp4,none,ai,0.015,draft,
Wed,09:30,America/New_York,text,onchain-culture,"News: what changed in Solana token launches this week, in 3 lines (education, no tickers)",none,none,ai,0.015,draft,
Wed,12:30,America/New_York,image,show-the-work,"Same prompt, 4 lighting setups. Which one is 'me'?",lighting-grid.jpg,none,ai,0.015,draft,
Wed,16:30,America/New_York,text,community,"Tell me one tool you stopped using this year and why.",none,none,ai,0.015,draft,
Thu,09:30,America/New_York,image,city-life,"Lamp-lit lounge, sunglasses on, deadline in 2 hours.",lounge-still.jpg,none,ai,0.015,draft,
Thu,13:00,America/New_York,text,agents-and-tools,"Three things I check before I let an agent post for me:",none,none,ai,0.015,draft,
Thu,17:30,America/New_York,video,show-the-work,"60-second timelapse of making one banner",banner-timelapse.mp4,none,ai,0.015,draft,
Fri,10:00,America/New_York,text,show-the-work,"This week's numbers: what worked, what flopped, what I'm testing next.",none,none,ai,0.015,draft,
Fri,14:00,America/New_York,image,city-life,"Friday club set, sunglasses, no thoughts.",club-still.jpg,none,ai,0.015,draft,
Fri,18:00,America/New_York,quote,community,"Quote a follower's project I loved this week (with their permission)",none,none,ai,0.015,draft,
Sat,11:00,America/New_York,image,city-life,"Cat on the bed, coffee, zero plans.",cat-bed.jpg,none,ai,0.015,draft,
Sat,16:00,America/New_York,text,community,"Weekend question: what's the best thing you saw someone build this week?",none,none,ai,0.015,draft,
Sun,12:00,America/New_York,thread,show-the-work,"Weekly recap thread with the site link in the last part",recap-collage.jpg,last-part,ai,0.26,draft,
Sun,18:00,America/New_York,text,city-life,"Sunday reset. Tell me one thing you're proud of from this week.",none,none,ai,0.015,draft,
